{
  "header": {
    "stamp": {
      "sec": 1678167265,
      "nanosec": 379334742
    },
    "frame_id": "base_scan"
  },
  "angle_min": 0,
  "angle_max": 6.2657318115234375,
  "angle_increment": 0.01745329238474369,
  "time_increment": 0.000029880000511184335,
  "scan_time": 0,
  "range_min": 0.11999999731779099,
  "range_max": 3.5,
  "ranges": [
    0.5849999785423279, 0.5849999785423279, 0.546999990940094,
    0.6769999861717224, 0, 0, 0, 0.6200000047683716, 0.6200000047683716,
    0.44699999690055847, 0.6230000257492065, 0.6309999823570251,
    0.6399999856948853, 0.6389999985694885, 0.6510000228881836,
    0.6549999713897705, 0.7879999876022339, 0.703000009059906,
    0.6420000195503235, 0.75, 0.6549999713897705, 1.4830000400543213,
    1.4630000591278076, 0.30000001192092896, 0.6620000004768372,
    1.3580000400543213, 0.7480000257492065, 0, 0.8510000109672546,
    0.6600000262260437, 0.6600000262260437, 0.6349999904632568,
    0.6209999918937683, 0.597000002861023, 0.5830000042915344,
    0.5609999895095825, 0.5490000247955322, 0.5289999842643738,
    0.5170000195503235, 0.5090000033378601, 0.5040000081062317,
    0.5130000114440918, 0.5329999923706055, 0.5460000038146973,
    0.5550000071525574, 0.5649999976158142, 0.5740000009536743,
    0.5839999914169312, 0.593999981880188, 0.6039999723434448,
    0.6140000224113464, 0.621999979019165, 0.6269999742507935,
    0.640999972820282, 0.30799999833106995, 0.30799999833106995,
    0.3100000023841858, 0, 0, 0, 0, 0, 0, 0, 0, 0, 0, 0, 0, 0, 0, 0, 0, 0, 0, 0,
    0, 0, 0, 0, 0, 0, 0.8140000104904175, 0.31299999356269836,
    1.1030000448226929, 0.8980000019073486, 0, 0.25, 0.2460000067949295,
    0.2370000034570694, 0, 0.19900000095367432, 0.22100000083446503,
    0.21299999952316284, 0.20100000500679016, 0.19699999690055847,
    0.19300000369548798, 0.1899999976158142, 0.18299999833106995,
    0.18000000715255737, 0.1770000010728836, 0.17399999499320984,
    0.17299999296665192, 0.17299999296665192, 0.17599999904632568,
    0.17900000512599945, 0.18299999833106995, 0.18700000643730164,
    0.19099999964237213, 0.19499999284744263, 0.20000000298023224, 0,
    0.2549999952316284, 0.23999999463558197, 0.23999999463558197, 0, 0, 0,
    3.365999937057495, 3.1449999809265137, 3.1070001125335693, 0, 0, 0, 0, 0, 0,
    0, 0, 0, 0, 0, 0, 0, 0, 0, 0, 3.624000072479248, 3.444000005722046,
    3.2060000896453857, 3.1449999809265137, 2.9709999561309814,
    2.9519999027252197, 2.9830000400543213, 2.989000082015991,
    2.931999921798706, 2.938999891281128, 0, 0, 0, 0, 0, 0, 0, 0, 0, 0, 0, 3.25,
    3.194999933242798, 0, 0, 0, 0, 0, 0, 0, 0, 0, 0, 0, 0, 1.4919999837875366,
    1.496000051498413, 1.4850000143051147, 1.4579999446868896,
    1.4709999561309814, 1.4739999771118164, 1.4730000495910645,
    1.4780000448226929, 1.4630000591278076, 1.4739999771118164,
    1.4809999465942383, 0, 1.222000002861023, 0, 0, 0.8209999799728394, 0, 0, 0,
    0.9139999747276306, 0.8740000128746033, 0, 0, 0, 0, 0, 0,
    0.48100000619888306, 0.48100000619888306, 0.48899999260902405,
    0.4869999885559082, 0.4880000054836273, 0.49399998784065247,
    0.5139999985694885, 0.5260000228881836, 0.5370000004768372,
    0.5479999780654907, 0.5509999990463257, 0.5559999942779541,
    0.5580000281333923, 0.5640000104904175, 0.5759999752044678,
    0.5860000252723694, 0, 0.48100000619888306, 0.48100000619888306,
    0.4819999933242798, 0.47699999809265137, 0.4690000116825104,
    0.46000000834465027, 0.453000009059906, 0.45100000500679016,
    0.4519999921321869, 0.45500001311302185, 0.46000000834465027,
    0.4560000002384186, 0.46000000834465027, 0.460999995470047,
    0.4620000123977661, 0.4690000116825104, 0, 0, 0.492000013589859, 0,
    3.6429998874664307, 3.5399999618530273, 3.569000005722046,
    3.5950000286102295, 3.447000026702881, 3.4100000858306885,
    3.374000072479248, 0, 0, 0, 0, 0, 0, 0, 2.2339999675750732,
    2.2070000171661377, 2.2009999752044678, 2.1989998817443848,
    2.190999984741211, 2.1640000343322754, 2.197000026702881, 0,
    2.680000066757202, 2.6489999294281006, 2.7330000400543213,
    2.822999954223633, 0, 0, 0, 0, 0, 0, 3.3469998836517334, 3.3519999980926514,
    3.240000009536743, 3.190000057220459, 3.0950000286102295, 3.062000036239624,
    3.0329999923706055, 3.0889999866485596, 3.0420000553131104,
    2.989000082015991, 3.122999906539917, 3.1010000705718994,
    2.9760000705718994, 0, 2.13700008392334, 0, 2.3399999141693115, 0, 0, 0, 0,
    0, 0, 0, 0, 0, 0, 0, 0, 0, 0, 0, 0, 0, 0, 0, 0, 0, 0, 0, 0, 0, 0, 0, 0, 0,
    0, 0, 0, 0, 0, 0, 0, 0, 0, 0, 0, 0, 0, 0, 0, 0, 0, 0, 0, 0, 0, 0, 0, 0, 0,
    0, 0, 0, 0.22599999606609344, 0.22599999606609344, 0.2240000069141388,
    0.22100000083446503, 0.21899999678134918, 0, 0, 0, 0.7459999918937683,
    0.7609999775886536, 0.734000027179718, 0.6930000185966492,
    0.7289999723434448, 0, 0.753000020980835, 0.6570000052452087,
    0.4009999930858612, 0.45500001311302185
  ],
  "intensities": [
    121, 895, 3146, 941, 10151, 5570, 5437, 1402, 3328, 3451, 327, 3187, 206,
    982, 134, 2062, 912, 3160, 4056, 1996, 2813, 109, 287, 1009, 496, 467, 328,
    361, 427, 3547, 2556, 4033, 4302, 3976, 5083, 5408, 5711, 6030, 3805, 3531,
    4509, 4009, 3546, 3566, 3786, 4291, 4479, 3525, 3246, 3457, 3565, 3583,
    3373, 3176, 5374, 5225, 11707, 0, 0, 0, 0, 0, 0, 0, 0, 0, 0, 0, 0, 0, 0, 0,
    0, 0, 63, 79, 67, 54, 82, 128, 71, 0, 95, 947, 3068, 264, 106, 691, 825,
    408, 0, 141, 624, 1277, 1312, 1585, 1609, 1719, 1848, 1796, 2171, 2089,
    2551, 1576, 1074, 832, 663, 598, 724, 249, 220, 58, 692, 798, 3358, 0, 0, 0,
    286, 473, 515, 0, 0, 0, 0, 0, 0, 0, 0, 0, 0, 0, 222, 264, 229, 222, 213,
    335, 355, 194, 230, 264, 315, 295, 279, 320, 258, 0, 0, 0, 0, 0, 0, 0, 0, 0,
    0, 97, 173, 138, 0, 0, 0, 0, 0, 0, 61, 0, 0, 0, 60, 0, 1155, 1241, 1309,
    1305, 1429, 1586, 1729, 1852, 1885, 1652, 1761, 0, 134, 51, 42, 51, 36, 48,
    39, 56, 54, 0, 32, 50, 0, 33, 0, 582, 3231, 3784, 3776, 5499, 4284, 3533,
    6097, 4181, 3614, 3587, 3530, 4973, 3678, 4365, 1671, 64, 5099, 5015, 4105,
    4890, 4164, 6059, 4209, 4252, 5501, 7305, 3366, 3514, 3804, 3766, 3766,
    7198, 0, 0, 591, 0, 123, 256, 330, 153, 178, 445, 452, 0, 0, 0, 0, 87, 145,
    180, 551, 442, 658, 659, 673, 692, 577, 79, 418, 466, 414, 240, 0, 0, 92, 0,
    73, 0, 477, 518, 148, 214, 252, 519, 297, 458, 365, 260, 262, 203, 140, 68,
    911, 0, 126, 177, 0, 0, 0, 0, 0, 0, 82, 0, 0, 0, 71, 0, 0, 0, 0, 0, 0, 0, 0,
    0, 0, 0, 0, 0, 0, 0, 0, 0, 0, 0, 0, 0, 0, 0, 42, 0, 0, 0, 42, 0, 0, 0, 0,
    49, 34, 0, 0, 63, 0, 0, 0, 58, 87, 102, 122, 93, 331, 367, 496, 558, 1655,
    73, 0, 0, 1610, 3852, 4491, 3002, 956, 70, 3788, 1105, 2221, 5329
  ]
}
